{
    "aic": 10317.747440206023,
    "mae": 3.569976700056885,
    "rmse": 4.524490678217446
}