{
    "mae": 1.7684082623185782,
    "rmse": 2.939168549926423,
    "smape": 4.162600780424086,
    "Dir. Accuracy ": 49.6551724137931
}