{
    "aic": 10317.943064455507,
    "mae": 3.4225299478820093,
    "rmse": 4.346672054141279
}