{
    "aic": 10526.857801386937,
    "mae": 2.097346910449126,
    "rmse": 2.913487860474891
}