{
    "mae": 1.7073277526855468,
    "rmse": 2.869674167302686,
    "smape": 4.0497829792151325,
    "Dir. Accuracy ": 46.56
}