{
    "aic": 11155.948393957358,
    "mae": 2.225086413037333,
    "rmse": 3.1972540994336187
}